model,mean_galaxy_mse,median_galaxy_mse,mean_rmse,median_rmse,mean_mae,wins_best_count,wins_best_frac,n_galaxies,wins_vs_rar_mond_benchmark_frac,ratio_vs_rar_mond_benchmark_mean,ratio_vs_rar_mond_benchmark_median,mean_delta_mse_vs_rar_mond_benchmark,wins_vs_FLOW_tanh_2_harmonic_frac,ratio_vs_FLOW_tanh_2_harmonic_mean,ratio_vs_FLOW_tanh_2_harmonic_median,mean_delta_mse_vs_FLOW_tanh_2_harmonic,wins_vs_newton_baryonic_frac,ratio_vs_newton_baryonic_mean,ratio_vs_newton_baryonic_median,mean_delta_mse_vs_newton_baryonic
FLOW_tanh_2_harmonic,397.8179630756387,140.94374846229243,16.18669586152926,11.871973233725404,14.20627204546645,92,0.5257142857142857,175,0.6057142857142858,1.00857836607824,0.8914888478268028,46.706987303241704,,,,,0.92,1.1308297191096979,0.09582421247948586,2485.2588416112785
rar_mond_benchmark,444.5249503788804,193.52594380774357,17.173441435533412,13.911360242900173,15.222737584523196,69,0.3942857142857143,175,,,,,0.3942857142857143,1.4999760265829374,1.1217190236733938,-46.706987303241704,0.8971428571428571,1.8522233997491035,0.10827538198946149,2438.5518543080375
newton_baryonic,2883.0768046869175,1799.802727005997,45.649429157382414,42.424081922959715,42.682940498667335,14,0.08,175,0.10285714285714286,20.32631968789575,9.23570973960942,-2438.5518543080375,0.08,22.40654161471602,10.435775824550408,-2485.2588416112785,,,,
